<?xml version="1.0" encoding="UTF-8"?>
<root>
  <item name="com.ypyproductions.materialdialogs.AlertDialogWrapper.Builder com.ypyproductions.materialdialogs.AlertDialogWrapper.Builder setIcon(int) 0">
    <annotation name="android.support.annotation.DrawableRes" />
  </item>
  <item name="com.ypyproductions.materialdialogs.AlertDialogWrapper.Builder com.ypyproductions.materialdialogs.AlertDialogWrapper.Builder setIconAttribute(int) 0">
    <annotation name="android.support.annotation.AttrRes" />
  </item>
  <item name="com.ypyproductions.materialdialogs.AlertDialogWrapper.Builder com.ypyproductions.materialdialogs.AlertDialogWrapper.Builder setItems(int, android.content.DialogInterface.OnClickListener) 0">
    <annotation name="android.support.annotation.ArrayRes" />
  </item>
  <item name="com.ypyproductions.materialdialogs.AlertDialogWrapper.Builder com.ypyproductions.materialdialogs.AlertDialogWrapper.Builder setMessage(int) 0">
    <annotation name="android.support.annotation.StringRes" />
  </item>
  <item name="com.ypyproductions.materialdialogs.AlertDialogWrapper.Builder com.ypyproductions.materialdialogs.AlertDialogWrapper.Builder setMultiChoiceItems(int, boolean[], android.content.DialogInterface.OnMultiChoiceClickListener) 0">
    <annotation name="android.support.annotation.ArrayRes" />
  </item>
  <item name="com.ypyproductions.materialdialogs.AlertDialogWrapper.Builder com.ypyproductions.materialdialogs.AlertDialogWrapper.Builder setNegativeButton(int, android.content.DialogInterface.OnClickListener) 0">
    <annotation name="android.support.annotation.StringRes" />
  </item>
  <item name="com.ypyproductions.materialdialogs.AlertDialogWrapper.Builder com.ypyproductions.materialdialogs.AlertDialogWrapper.Builder setNeutralButton(int, android.content.DialogInterface.OnClickListener) 0">
    <annotation name="android.support.annotation.StringRes" />
  </item>
  <item name="com.ypyproductions.materialdialogs.AlertDialogWrapper.Builder com.ypyproductions.materialdialogs.AlertDialogWrapper.Builder setPositiveButton(int, android.content.DialogInterface.OnClickListener) 0">
    <annotation name="android.support.annotation.StringRes" />
  </item>
  <item name="com.ypyproductions.materialdialogs.AlertDialogWrapper.Builder com.ypyproductions.materialdialogs.AlertDialogWrapper.Builder setSingleChoiceItems(int, int, android.content.DialogInterface.OnClickListener) 0">
    <annotation name="android.support.annotation.ArrayRes" />
  </item>
  <item name="com.ypyproductions.materialdialogs.AlertDialogWrapper.Builder com.ypyproductions.materialdialogs.AlertDialogWrapper.Builder setTitle(int) 0">
    <annotation name="android.support.annotation.StringRes" />
  </item>
  <item name="com.ypyproductions.materialdialogs.MaterialDialog void setActionButton(com.ypyproductions.materialdialogs.DialogAction, int) 1">
    <annotation name="android.support.annotation.StringRes" />
  </item>
  <item name="com.ypyproductions.materialdialogs.MaterialDialog void setIcon(int) 0">
    <annotation name="android.support.annotation.DrawableRes" />
  </item>
  <item name="com.ypyproductions.materialdialogs.MaterialDialog void setIconAttribute(int) 0">
    <annotation name="android.support.annotation.AttrRes" />
  </item>
  <item name="com.ypyproductions.materialdialogs.MaterialDialog.Builder btnSelectorNegative">
    <annotation name="android.support.annotation.DrawableRes" />
  </item>
  <item name="com.ypyproductions.materialdialogs.MaterialDialog.Builder btnSelectorNeutral">
    <annotation name="android.support.annotation.DrawableRes" />
  </item>
  <item name="com.ypyproductions.materialdialogs.MaterialDialog.Builder btnSelectorPositive">
    <annotation name="android.support.annotation.DrawableRes" />
  </item>
  <item name="com.ypyproductions.materialdialogs.MaterialDialog.Builder btnSelectorStacked">
    <annotation name="android.support.annotation.DrawableRes" />
  </item>
  <item name="com.ypyproductions.materialdialogs.MaterialDialog.Builder com.ypyproductions.materialdialogs.MaterialDialog.Builder backgroundColorAttr(int) 0">
    <annotation name="android.support.annotation.AttrRes" />
  </item>
  <item name="com.ypyproductions.materialdialogs.MaterialDialog.Builder com.ypyproductions.materialdialogs.MaterialDialog.Builder backgroundColorRes(int) 0">
    <annotation name="android.support.annotation.ColorRes" />
  </item>
  <item name="com.ypyproductions.materialdialogs.MaterialDialog.Builder com.ypyproductions.materialdialogs.MaterialDialog.Builder btnSelector(int) 0">
    <annotation name="android.support.annotation.DrawableRes" />
  </item>
  <item name="com.ypyproductions.materialdialogs.MaterialDialog.Builder com.ypyproductions.materialdialogs.MaterialDialog.Builder btnSelector(int, com.ypyproductions.materialdialogs.DialogAction) 0">
    <annotation name="android.support.annotation.DrawableRes" />
  </item>
  <item name="com.ypyproductions.materialdialogs.MaterialDialog.Builder com.ypyproductions.materialdialogs.MaterialDialog.Builder btnSelectorStacked(int) 0">
    <annotation name="android.support.annotation.DrawableRes" />
  </item>
  <item name="com.ypyproductions.materialdialogs.MaterialDialog.Builder com.ypyproductions.materialdialogs.MaterialDialog.Builder content(int) 0">
    <annotation name="android.support.annotation.StringRes" />
  </item>
  <item name="com.ypyproductions.materialdialogs.MaterialDialog.Builder com.ypyproductions.materialdialogs.MaterialDialog.Builder content(int, java.lang.Object...) 0">
    <annotation name="android.support.annotation.StringRes" />
  </item>
  <item name="com.ypyproductions.materialdialogs.MaterialDialog.Builder com.ypyproductions.materialdialogs.MaterialDialog.Builder contentColorAttr(int) 0">
    <annotation name="android.support.annotation.AttrRes" />
  </item>
  <item name="com.ypyproductions.materialdialogs.MaterialDialog.Builder com.ypyproductions.materialdialogs.MaterialDialog.Builder contentColorRes(int) 0">
    <annotation name="android.support.annotation.ColorRes" />
  </item>
  <item name="com.ypyproductions.materialdialogs.MaterialDialog.Builder com.ypyproductions.materialdialogs.MaterialDialog.Builder customView(int) 0">
    <annotation name="android.support.annotation.LayoutRes" />
  </item>
  <item name="com.ypyproductions.materialdialogs.MaterialDialog.Builder com.ypyproductions.materialdialogs.MaterialDialog.Builder customView(int, boolean) 0">
    <annotation name="android.support.annotation.LayoutRes" />
  </item>
  <item name="com.ypyproductions.materialdialogs.MaterialDialog.Builder com.ypyproductions.materialdialogs.MaterialDialog.Builder dividerColorAttr(int) 0">
    <annotation name="android.support.annotation.AttrRes" />
  </item>
  <item name="com.ypyproductions.materialdialogs.MaterialDialog.Builder com.ypyproductions.materialdialogs.MaterialDialog.Builder dividerColorRes(int) 0">
    <annotation name="android.support.annotation.ColorRes" />
  </item>
  <item name="com.ypyproductions.materialdialogs.MaterialDialog.Builder com.ypyproductions.materialdialogs.MaterialDialog.Builder iconAttr(int) 0">
    <annotation name="android.support.annotation.AttrRes" />
  </item>
  <item name="com.ypyproductions.materialdialogs.MaterialDialog.Builder com.ypyproductions.materialdialogs.MaterialDialog.Builder iconRes(int) 0">
    <annotation name="android.support.annotation.DrawableRes" />
  </item>
  <item name="com.ypyproductions.materialdialogs.MaterialDialog.Builder com.ypyproductions.materialdialogs.MaterialDialog.Builder itemColorAttr(int) 0">
    <annotation name="android.support.annotation.AttrRes" />
  </item>
  <item name="com.ypyproductions.materialdialogs.MaterialDialog.Builder com.ypyproductions.materialdialogs.MaterialDialog.Builder itemColorRes(int) 0">
    <annotation name="android.support.annotation.ColorRes" />
  </item>
  <item name="com.ypyproductions.materialdialogs.MaterialDialog.Builder com.ypyproductions.materialdialogs.MaterialDialog.Builder items(int) 0">
    <annotation name="android.support.annotation.ArrayRes" />
  </item>
  <item name="com.ypyproductions.materialdialogs.MaterialDialog.Builder com.ypyproductions.materialdialogs.MaterialDialog.Builder listSelector(int) 0">
    <annotation name="android.support.annotation.DrawableRes" />
  </item>
  <item name="com.ypyproductions.materialdialogs.MaterialDialog.Builder com.ypyproductions.materialdialogs.MaterialDialog.Builder maxIconSizeRes(int) 0">
    <annotation name="android.support.annotation.DimenRes" />
  </item>
  <item name="com.ypyproductions.materialdialogs.MaterialDialog.Builder com.ypyproductions.materialdialogs.MaterialDialog.Builder negativeColorAttr(int) 0">
    <annotation name="android.support.annotation.AttrRes" />
  </item>
  <item name="com.ypyproductions.materialdialogs.MaterialDialog.Builder com.ypyproductions.materialdialogs.MaterialDialog.Builder negativeColorRes(int) 0">
    <annotation name="android.support.annotation.ColorRes" />
  </item>
  <item name="com.ypyproductions.materialdialogs.MaterialDialog.Builder com.ypyproductions.materialdialogs.MaterialDialog.Builder negativeText(int) 0">
    <annotation name="android.support.annotation.StringRes" />
  </item>
  <item name="com.ypyproductions.materialdialogs.MaterialDialog.Builder com.ypyproductions.materialdialogs.MaterialDialog.Builder neutralColorAttr(int) 0">
    <annotation name="android.support.annotation.AttrRes" />
  </item>
  <item name="com.ypyproductions.materialdialogs.MaterialDialog.Builder com.ypyproductions.materialdialogs.MaterialDialog.Builder neutralColorRes(int) 0">
    <annotation name="android.support.annotation.ColorRes" />
  </item>
  <item name="com.ypyproductions.materialdialogs.MaterialDialog.Builder com.ypyproductions.materialdialogs.MaterialDialog.Builder neutralText(int) 0">
    <annotation name="android.support.annotation.StringRes" />
  </item>
  <item name="com.ypyproductions.materialdialogs.MaterialDialog.Builder com.ypyproductions.materialdialogs.MaterialDialog.Builder positiveColorAttr(int) 0">
    <annotation name="android.support.annotation.AttrRes" />
  </item>
  <item name="com.ypyproductions.materialdialogs.MaterialDialog.Builder com.ypyproductions.materialdialogs.MaterialDialog.Builder positiveColorRes(int) 0">
    <annotation name="android.support.annotation.ColorRes" />
  </item>
  <item name="com.ypyproductions.materialdialogs.MaterialDialog.Builder com.ypyproductions.materialdialogs.MaterialDialog.Builder positiveText(int) 0">
    <annotation name="android.support.annotation.StringRes" />
  </item>
  <item name="com.ypyproductions.materialdialogs.MaterialDialog.Builder com.ypyproductions.materialdialogs.MaterialDialog.Builder title(int) 0">
    <annotation name="android.support.annotation.StringRes" />
  </item>
  <item name="com.ypyproductions.materialdialogs.MaterialDialog.Builder com.ypyproductions.materialdialogs.MaterialDialog.Builder titleColorAttr(int) 0">
    <annotation name="android.support.annotation.AttrRes" />
  </item>
  <item name="com.ypyproductions.materialdialogs.MaterialDialog.Builder com.ypyproductions.materialdialogs.MaterialDialog.Builder titleColorRes(int) 0">
    <annotation name="android.support.annotation.ColorRes" />
  </item>
  <item name="com.ypyproductions.materialdialogs.MaterialDialog.Builder listSelector">
    <annotation name="android.support.annotation.DrawableRes" />
  </item>
  <item name="com.ypyproductions.materialdialogs.ThemeSingleton btnSelectorNegative">
    <annotation name="android.support.annotation.DrawableRes" />
  </item>
  <item name="com.ypyproductions.materialdialogs.ThemeSingleton btnSelectorNeutral">
    <annotation name="android.support.annotation.DrawableRes" />
  </item>
  <item name="com.ypyproductions.materialdialogs.ThemeSingleton btnSelectorPositive">
    <annotation name="android.support.annotation.DrawableRes" />
  </item>
  <item name="com.ypyproductions.materialdialogs.ThemeSingleton btnSelectorStacked">
    <annotation name="android.support.annotation.DrawableRes" />
  </item>
  <item name="com.ypyproductions.materialdialogs.ThemeSingleton listSelector">
    <annotation name="android.support.annotation.DrawableRes" />
  </item>
</root>

